SettlementPoint,Month,DayOfWeek,Hour,Price,NormalizedPrice
HB_PAN,4,0,1,4.115,0.008814394345078719
HB_PAN,4,0,2,3.33,0.007132912070258113
HB_PAN,4,0,3,3.0900000000000003,0.0066188283174467176
HB_PAN,4,0,4,3.7299999999999995,0.007989718324943771
HB_PAN,4,0,5,7.2725,0.015577808718003641
HB_PAN,4,0,6,11.4225,0.024467173610367352
HB_PAN,4,0,7,16.0775,0.03443825639927171
HB_PAN,4,0,8,14.825000000000001,0.03175538181428725
HB_PAN,4,0,9,17.2725,0.03699796508514512
HB_PAN,4,0,10,15.879999999999999,0.034015208311020666
HB_PAN,4,0,11,16.6825,0.035734175859483776
HB_PAN,4,0,12,18.705,0.04006640248473813
HB_PAN,4,0,13,19.427500000000002,0.041614008782264116
HB_PAN,4,0,14,23.5625,0.05047124344007711
HB_PAN,4,0,15,27.0775,0.058000428403127344
HB_PAN,4,0,16,38.472500000000004,0.08240869658348507
HB_PAN,4,0,17,52.16,0.11172753561100995
HB_PAN,4,0,18,41.4275,0.08873835278997537
HB_PAN,4,0,19,27.57,0.05905537110420906
HB_PAN,4,0,20,26.39,0.05652779265288636
HB_PAN,4,0,21,25.495,0.0546106886580272
HB_PAN,4,0,22,20.1175,0.04309199957159687
HB_PAN,4,0,23,18.0125,0.038583056656313584
HB_PAN,4,0,24,14.735,0.03156260040698297
HB_PAN,4,1,1,13.469999999999999,0.031731635639785864
HB_PAN,4,1,2,11.8475,0.02790946943150431
HB_PAN,4,1,3,10.932500000000001,0.02575397970541641
HB_PAN,4,1,4,10.2525,0.02415208570132922
HB_PAN,4,1,5,10.2975,0.024258093392776167
HB_PAN,4,1,6,12.735,0.03000017667948575
HB_PAN,4,1,7,15.8975,0.037450161661729466
HB_PAN,4,1,8,16.59,0.03908150224677413
HB_PAN,4,1,9,14.969999999999999,0.03526522535468407
HB_PAN,4,1,10,16.5125,0.038898933444837726
HB_PAN,4,1,11,17.9525,0.04229117957114
HB_PAN,4,1,12,18.1775,0.04282121802837473
HB_PAN,4,1,13,19.245,0.04533595604214395
HB_PAN,4,1,14,19.5975,0.04616634962514503
HB_PAN,4,1,15,25.15,0.059246520886459875
HB_PAN,4,1,16,40.14,0.09455886077067593
HB_PAN,4,1,17,43.8175,0.10322204488836803
HB_PAN,4,1,18,36.03,0.08487682495185485
HB_PAN,4,1,19,18.21,0.042897779138864195
HB_PAN,4,1,20,14.852500000000001,0.034988427493683714
HB_PAN,4,1,21,14.989999999999998,0.035312339884216046
HB_PAN,4,1,22,8.72,0.02054193487594156
HB_PAN,4,1,23,7.9725,0.018781029334683952
HB_PAN,4,1,24,6.137499999999999,0.014458271250125148
HB_PAN,4,2,1,4.050000000000001,0.011450057957083487
HB_PAN,4,2,2,3.983333333333334,0.011261579636802277
HB_PAN,4,2,3,3.3799999999999994,0.009555850838257328
HB_PAN,4,2,4,3.7999999999999994,0.010743264256028947
HB_PAN,4,2,5,4.553333333333334,0.012873069275206619
HB_PAN,4,2,6,7.716666666666668,0.02181636557255002
HB_PAN,4,2,7,13.236666666666666,0.037422370491834174
HB_PAN,4,2,8,14.096666666666666,0.03985374082346178
HB_PAN,4,2,9,14.863333333333335,0.04202124150669569
HB_PAN,4,2,10,15.176666666666668,0.04290708961201738
HB_PAN,4,2,11,14.690000000000003,0.04153119787396455
HB_PAN,4,2,12,15.299999999999999,0.04325577450453761
HB_PAN,4,2,13,14.773333333333333,0.04176679577431606
HB_PAN,4,2,14,16.66333333333333,0.04711015615428834
HB_PAN,4,2,15,14.583333333333334,0.04122963256151461
HB_PAN,4,2,16,22.323333333333334,0.06311196554616305
HB_PAN,4,2,17,29.060000000000002,0.08215769981057928
HB_PAN,4,2,18,24.330000000000002,0.06878516298662746
HB_PAN,4,2,19,21.733333333333334,0.06144393241167434
HB_PAN,4,2,20,22.25,0.06290463939385371
HB_PAN,4,2,21,28.87,0.08162053659777783
HB_PAN,4,2,22,17.486666666666668,0.04943786340976129
HB_PAN,4,2,23,15.49,0.04379293771733906
HB_PAN,4,2,24,11.299999999999999,0.03194707528766503
HB_PAN,4,3,1,10.753333333333336,0.025644694584883467
HB_PAN,4,3,2,9.94,0.023705046265382047
HB_PAN,4,3,3,6.943333333333334,0.01655855512098954
HB_PAN,4,3,4,5.6499999999999995,0.013474196317847943
HB_PAN,4,3,5,6.186666666666667,0.014754046233584535
HB_PAN,4,3,6,8.07,0.019245445006200516
HB_PAN,4,3,7,14.023333333333333,0.03344303475468218
HB_PAN,4,3,8,12.29,0.029309358008203758
HB_PAN,4,3,9,12.436666666666667,0.029659130655982704
HB_PAN,4,3,10,11.203333333333333,0.02671786066329613
HB_PAN,4,3,11,12.876666666666665,0.03070844859931953
HB_PAN,4,3,12,13.786666666666667,0.03287862889122071
HB_PAN,4,3,13,11.986666666666666,0.028585964577570035
HB_PAN,4,3,14,15.270000000000001,0.03641610226080321
HB_PAN,4,3,15,18.266666666666666,0.043562593405195714
HB_PAN,4,3,16,20.62333333333333,0.049182803904734645
HB_PAN,4,3,17,33.18666666666667,0.07914401093834462
HB_PAN,4,3,18,31.893333333333334,0.07605965213520303
HB_PAN,4,3,19,27.843333333333334,0.06640115742948902
HB_PAN,4,3,20,30.173333333333336,0.07195777290215906
HB_PAN,4,3,21,36.82666666666667,0.08782473210594932
HB_PAN,4,3,22,25.78333333333333,0.06148844160386657
HB_PAN,4,3,23,23.099999999999998,0.05508919202518363
HB_PAN,4,3,24,20.206666666666667,0.048189131609908106
HB_PAN,4,4,1,16.279999999999998,0.038001276046124396
HB_PAN,4,4,2,15.67,0.03657739530975242
HB_PAN,4,4,3,14.840000000000002,0.03463998381600038
HB_PAN,4,4,4,14.963333333333333,0.034927872270895256
HB_PAN,4,4,5,15.576666666666668,0.03635953377631845
HB_PAN,4,4,6,19.55666666666667,0.04564977202346681
HB_PAN,4,4,7,24.179999999999996,0.05644169869749926
HB_PAN,4,4,8,21.72,0.05069949113770405
HB_PAN,4,4,9,21.59,0.05039604114470675
HB_PAN,4,4,10,21.883333333333336,0.0510807488212135
HB_PAN,4,4,11,21.463333333333335,0.05010037192076065
HB_PAN,4,4,12,20.473333333333333,0.047789483512550385
HB_PAN,4,4,13,17.900000000000002,0.041782729805013935
HB_PAN,4,4,14,18.353333333333335,0.0428409143959789
HB_PAN,4,4,15,19.663333333333334,0.04589875663310562
HB_PAN,4,4,16,20.263333333333332,0.04729929506232396
HB_PAN,4,4,17,28.246666666666666,0.06593423693997916
HB_PAN,4,4,18,23.08,0.05387404491059896
HB_PAN,4,4,19,16.833333333333332,0.03929288370862576
HB_PAN,4,4,20,15.519999999999998,0.036227260702447826
HB_PAN,4,4,21,15.373333333333335,0.03588490686419446
HB_PAN,4,4,22,9.676666666666668,0.022587572555671405
HB_PAN,4,4,23,8.58,0.02002769953782232
HB_PAN,4,4,24,6.719999999999999,0.01568603040724545
HB_PAN,4,5,1,7.4624999999999995,0.023830432699984035
HB_PAN,4,5,2,6.71,0.021427430943637235
HB_PAN,4,5,3,5.782500000000001,0.01846559156953537
HB_PAN,4,5,4,4.7575,0.015192399808398533
HB_PAN,4,5,5,5.3175,0.016980680185214755
HB_PAN,4,5,6,6.147499999999999,0.019631167172281652
HB_PAN,4,5,7,6.33,0.0202139549736548
HB_PAN,4,5,8,8.344999999999999,0.026648570972377453
HB_PAN,4,5,9,10.715,0.034216828995688967
HB_PAN,4,5,10,15.055,0.048076001916014695
HB_PAN,4,5,11,17.7525,0.056690084623982125
HB_PAN,4,5,12,17.4425,0.05570014370110171
HB_PAN,4,5,13,16.35,0.05221140028740221
HB_PAN,4,5,14,14.9775,0.047828516685294586
HB_PAN,4,5,15,16.2975,0.05204374900207569
HB_PAN,4,5,16,19.9225,0.06361967108414499
HB_PAN,4,5,17,25.3625,0.08099153760178829
HB_PAN,4,5,18,22.7175,0.07254510617914738
HB_PAN,4,5,19,19.9825,0.06381127255308959
HB_PAN,4,5,20,16.1375,0.051532811751556766
HB_PAN,4,5,21,15.6375,0.04993613284368514
HB_PAN,4,5,22,12.469999999999999,0.03982117196231838
HB_PAN,4,5,23,11.18,0.03570174038000958
HB_PAN,4,5,24,10.2975,0.03288360210761616
HB_PAN,4,6,1,10.46,0.027764506025375592
HB_PAN,4,6,2,9.8625,0.026178531613314224
HB_PAN,4,6,3,9.5075,0.025236237192758932
HB_PAN,4,6,4,9.7275,0.025820194298455165
HB_PAN,4,6,5,10.875,0.028866061474757128
HB_PAN,4,6,6,12.450000000000001,0.033046663481446095
HB_PAN,4,6,7,14.1075,0.037446249402771144
HB_PAN,4,6,8,15.737499999999999,0.04177284068588416
HB_PAN,4,6,9,19.105,0.05071136592875723
HB_PAN,4,6,10,20.84,0.055316664012316184
HB_PAN,4,6,11,21.1575,0.056159420289855065
HB_PAN,4,6,12,22.28,0.059138928704146096
HB_PAN,4,6,13,20.065,0.053259542389977176
HB_PAN,4,6,14,20.96,0.05563518606996868
HB_PAN,4,6,15,20.572499999999998,0.05460662525879917
HB_PAN,4,6,16,18.7925,0.049881881403620536
HB_PAN,4,6,17,16.88,0.04480543610978393
HB_PAN,4,6,18,18.26,0.0484684397727876
HB_PAN,4,6,19,17.3425,0.046033073206986255
HB_PAN,4,6,20,19.245,0.05108297499601847
HB_PAN,4,6,21,22.815,0.06055900621118013
HB_PAN,4,6,22,12.307500000000001,0.03266841853798376
HB_PAN,4,6,23,9.2775,0.02462573658225832
HB_PAN,4,6,24,4.112500000000001,0.010916016350798962
HB_PAN,5,0,1,3.6300000000000003,0.01302195436934998
HB_PAN,5,0,2,3.335,0.011963696369636964
HB_PAN,5,0,3,2.21,0.00792796670971445
HB_PAN,5,0,4,3.9,0.013990529487731381
HB_PAN,5,0,5,6.557499999999999,0.023523819773281673
HB_PAN,5,0,6,9.5125,0.03412433634667814
HB_PAN,5,0,7,13.39,0.04803415124121108
HB_PAN,5,0,8,13.285,0.04765748313961831
HB_PAN,5,0,9,15.0375,0.05394425312096427
HB_PAN,5,0,10,14.3475,0.0514690055962118
HB_PAN,5,0,11,15.1875,0.05448235040895394
HB_PAN,5,0,12,18.7725,0.06734287559190702
HB_PAN,5,0,13,17.810000000000002,0.06389008466063999
HB_PAN,5,0,14,20.1975,0.07245479982780888
HB_PAN,5,0,15,17.5075,0.06280492179652748
HB_PAN,5,0,16,23.169999999999998,0.08311809441813746
HB_PAN,5,0,17,20.845000000000002,0.07477758645429762
HB_PAN,5,0,18,17.4575,0.06262555603386426
HB_PAN,5,0,19,8.450000000000001,0.030312813890084667
HB_PAN,5,0,20,7.192499999999999,0.025801764959104603
HB_PAN,5,0,21,9.6175,0.034501004448270915
HB_PAN,5,0,22,6.82,0.024465490027263597
HB_PAN,5,0,23,5.5275,0.019828885062419286
HB_PAN,5,0,24,5.0,0.017936576266322286
HB_PAN,5,1,1,2.71,0.009138117075802537
HB_PAN,5,1,2,2.11,0.00711491772322633
HB_PAN,5,1,3,2.8325000000000005,0.009551186943620182
HB_PAN,5,1,4,3.6149999999999998,0.01218977609927165
HB_PAN,5,1,5,4.62,0.015578635014836799
HB_PAN,5,1,6,7.295,0.02459873212840572
HB_PAN,5,1,7,11.775,0.03970528729430808
HB_PAN,5,1,8,12.3075,0.04150087671971946
HB_PAN,5,1,9,12.620000000000001,0.04255462638251957
HB_PAN,5,1,10,12.094999999999999,0.04078432694901538
HB_PAN,5,1,11,12.270000000000001,0.04137442676018345
HB_PAN,5,1,12,13.700000000000001,0.046196385217156744
HB_PAN,5,1,13,15.557500000000001,0.05245987321284058
HB_PAN,5,1,14,18.582500000000003,0.06266016994874564
HB_PAN,5,1,15,21.192500000000003,0.07146108713245214
HB_PAN,5,1,16,25.384999999999998,0.08559819260857837
HB_PAN,5,1,17,28.0325,0.09452555975182089
HB_PAN,5,1,18,21.3925,0.07213548691664419
HB_PAN,5,1,19,16.335,0.055081602373887255
HB_PAN,5,1,20,14.559999999999999,0.04909630428918263
HB_PAN,5,1,21,13.54,0.045656865389803084
HB_PAN,5,1,22,9.495000000000001,0.03201712975451849
HB_PAN,5,1,23,8.212499999999999,0.027692541138386834
HB_PAN,5,1,24,6.324999999999999,0.021327893175074185
HB_PAN,5,2,1,11.426,0.025113633366448927
HB_PAN,5,2,2,10.638,0.023381658651521413
HB_PAN,5,2,3,9.686,0.021289222193893252
HB_PAN,5,2,4,8.972,0.019719894850672128
HB_PAN,5,2,5,10.412,0.022884924786580278
HB_PAN,5,2,6,12.620000000000001,0.027737970688306097
HB_PAN,5,2,7,16.2,0.035606586778966616
HB_PAN,5,2,8,19.2,0.042200399145441915
HB_PAN,5,2,9,21.278,0.04676771317795381
HB_PAN,5,2,10,21.278,0.04676771317795381
HB_PAN,5,2,11,21.072,0.0463149380621225
HB_PAN,5,2,12,22.54,0.049541510246784416
HB_PAN,5,2,13,24.424,0.053682424412930904
HB_PAN,5,2,14,29.398000000000003,0.06461496531654697
HB_PAN,5,2,15,32.072,0.07049225007253195
HB_PAN,5,2,16,34.914,0.07673878832103954
HB_PAN,5,2,17,38.638,0.08492390740529088
HB_PAN,5,2,18,29.308,0.0644171509455527
HB_PAN,5,2,19,18.002,0.03956727007376278
HB_PAN,5,2,20,16.78,0.03688139050315185
HB_PAN,5,2,21,16.838,0.037008870875570365
HB_PAN,5,2,22,11.166,0.02454216962802107
HB_PAN,5,2,23,9.925999999999998,0.021816727183211274
HB_PAN,5,2,24,8.184000000000001,0.01798792013574462
HB_PAN,5,3,1,7.506,0.018972080255994176
HB_PAN,5,3,2,6.411999999999999,0.016206898294888708
HB_PAN,5,3,3,4.928,0.012455956768124074
HB_PAN,5,3,4,3.946,0.009973864733566883
HB_PAN,5,3,5,5.776,0.014599351926275294
HB_PAN,5,3,6,10.086,0.02549325892112407
HB_PAN,5,3,7,13.437999999999999,0.033965736008533136
HB_PAN,5,3,8,14.822,0.03746391867230824
HB_PAN,5,3,9,16.834,0.0425494269956576
HB_PAN,5,3,10,17.482,0.04418730442782976
HB_PAN,5,3,11,19.03,0.0481000116269077
HB_PAN,5,3,12,19.938,0.050395062102852634
HB_PAN,5,3,13,21.978,0.055551342907839064
HB_PAN,5,3,14,24.532,0.062006804268591675
HB_PAN,5,3,15,31.2,0.07886076525273358
HB_PAN,5,3,16,36.166,0.09141277038879367
HB_PAN,5,3,17,32.762,0.08280885869263005
HB_PAN,5,3,18,24.118000000000002,0.06096038257581502
HB_PAN,5,3,19,17.712,0.04476864981270568
HB_PAN,5,3,20,14.3,0.036144517407502894
HB_PAN,5,3,21,15.074000000000002,0.03810087100704186
HB_PAN,5,3,22,12.07,0.03050799476283636
HB_PAN,5,3,23,13.45,0.03399606707209188
HB_PAN,5,3,24,12.074000000000002,0.030518105117355945
HB_PAN,5,4,1,12.702,0.029875811459215355
HB_PAN,5,4,2,11.569999999999999,0.027213284410574842
HB_PAN,5,4,3,10.638000000000002,0.025021168501270116
HB_PAN,5,4,4,11.038,0.02596199077994167
HB_PAN,5,4,5,12.434000000000001,0.029245460532505416
HB_PAN,5,4,6,15.604,0.03670147709097751
HB_PAN,5,4,7,17.712,0.04165961049957663
HB_PAN,5,4,8,17.422,0.040977514347539754
HB_PAN,5,4,9,18.29,0.043019098692257035
HB_PAN,5,4,10,18.438,0.04336720293536551
HB_PAN,5,4,11,18.984,0.04465142534575219
HB_PAN,5,4,12,19.654,0.04622730266252705
HB_PAN,5,4,13,19.642000000000003,0.046199077994166914
HB_PAN,5,4,14,23.268,0.05472763195032459
HB_PAN,5,4,15,23.612,0.05553673910998212
HB_PAN,5,4,16,26.022000000000002,0.061205193338978274
HB_PAN,5,4,17,26.913999999999998,0.06330322702041584
HB_PAN,5,4,18,20.966,0.049313199736569766
HB_PAN,5,4,19,18.672,0.04391758396838838
HB_PAN,5,4,20,18.476,0.04345658105183931
HB_PAN,5,4,21,18.137999999999998,0.04266158622636184
HB_PAN,5,4,22,16.538,0.038898297111675605
HB_PAN,5,4,23,16.142000000000003,0.03796688305579077
HB_PAN,5,4,24,12.284,0.02889265217800358
HB_PAN,5,5,1,11.535,0.026285955187402794
HB_PAN,5,5,2,10.97,0.024998433325167636
HB_PAN,5,5,3,11.7725,0.0268271701294928
HB_PAN,5,5,4,13.1,0.02985227680580638
HB_PAN,5,5,5,15.015,0.03421617833886892
HB_PAN,5,5,6,16.065,0.03660891808284577
HB_PAN,5,5,7,18.490000000000002,0.0421350074915542
HB_PAN,5,5,8,19.095,0.0435136813440361
HB_PAN,5,5,9,20.995,0.04784340088075611
HB_PAN,5,5,10,21.5575,0.04912522574360085
HB_PAN,5,5,11,21.8275,0.04974050167776632
HB_PAN,5,5,12,21.9275,0.04996838165338316
HB_PAN,5,5,13,20.4,0.04648751502583589
HB_PAN,5,5,14,20.085,0.04576969310264284
HB_PAN,5,5,15,18.9925,0.043280104369028835
HB_PAN,5,5,16,26.4175,0.0602001925585794
HB_PAN,5,5,17,27.549999999999997,0.06278093328244014
HB_PAN,5,5,18,22.335,0.0508969925540218
HB_PAN,5,5,19,17.465,0.039799237741481565
HB_PAN,5,5,20,15.6125,0.035577761193179555
HB_PAN,5,5,21,20.2175,0.04607163407033516
HB_PAN,5,5,22,17.607499999999998,0.040123966706735556
HB_PAN,5,5,23,15.7875,0.035976551150509024
HB_PAN,5,5,24,14.0075,0.03192028758452923
HB_PAN,5,6,1,14.057500000000001,0.03164606830102879
HB_PAN,5,6,2,13.5625,0.03053173048783233
HB_PAN,5,6,3,14.7075,0.033109340176943336
HB_PAN,5,6,4,14.64,0.03295738502059836
HB_PAN,5,6,5,14.7825,0.03327817923954886
HB_PAN,5,6,6,15.8275,0.03563067017851917
HB_PAN,5,6,7,17.365000000000002,0.03909187096193242
HB_PAN,5,6,8,17.7,0.039846018774903756
HB_PAN,5,6,9,19.715,0.04438216159023885
HB_PAN,5,6,10,19.4275,0.04373494518358433
HB_PAN,5,6,11,20.3,0.04569910627856194
HB_PAN,5,6,12,20.7725,0.046762792372976744
HB_PAN,5,6,13,20.3475,0.04580603768487877
HB_PAN,5,6,14,26.5975,0.05987595956867247
HB_PAN,5,6,15,27.26,0.06136737128835461
HB_PAN,5,6,16,31.077499999999997,0.06996127957497579
HB_PAN,5,6,17,36.255,0.0816168028635105
HB_PAN,5,6,18,29.89,0.06728799441705499
HB_PAN,5,6,19,21.3075,0.04796717768622948
HB_PAN,5,6,20,17.974999999999998,0.04046509533779068
HB_PAN,5,6,21,13.9475,0.03139843767587402
HB_PAN,5,6,22,7.430000000000001,0.01672632313545395
HB_PAN,5,6,23,5.007499999999999,0.011272821413295511
HB_PAN,5,6,24,4.257499999999999,0.009584430787240267
HB_PAN,6,0,1,14.4775,0.02560044560955231
HB_PAN,6,0,2,14.482500000000002,0.025609287068923597
HB_PAN,6,0,3,14.3175,0.02531751890967123
HB_PAN,6,0,4,14.512500000000001,0.0256623358251513
HB_PAN,6,0,5,13.9175,0.024610202159968522
HB_PAN,6,0,6,15.782499999999999,0.027908066505457386
HB_PAN,6,0,7,17.8075,0.03148885755082734
HB_PAN,6,0,8,18.3625,0.032470259541039846
HB_PAN,6,0,9,18.642500000000002,0.03296538126583174
HB_PAN,6,0,10,19.5975,0.034654100005746945
HB_PAN,6,0,11,21.93,0.03877864080245085
HB_PAN,6,0,12,24.3325,0.04302696203035273
HB_PAN,6,0,13,28.145,0.049768574800956644
HB_PAN,6,0,14,33.7,0.05959143616245297
HB_PAN,6,0,15,38.725,0.06847710283059322
HB_PAN,6,0,16,44.9125,0.07941840880255695
HB_PAN,6,0,17,44.8525,0.07931231129010154
HB_PAN,6,0,18,33.1525,0.0586232963612974
HB_PAN,6,0,19,28.19,0.0498481479352982
HB_PAN,6,0,20,25.372500000000002,0.04486598557957976
HB_PAN,6,0,21,24.47,0.04327010216306303
HB_PAN,6,0,22,20.305,0.0359051665067836
HB_PAN,6,0,23,18.955,0.03351797247653697
HB_PAN,6,0,24,16.575,0.029309437815805875
HB_PAN,6,1,1,16.3125,0.03067326043831032
HB_PAN,6,1,2,15.3275,0.028821112604947213
HB_PAN,6,1,3,15.07,0.02833692167389036
HB_PAN,6,1,4,14.4975,0.027260419506783377
HB_PAN,6,1,5,15.125,0.028440341096057843
HB_PAN,6,1,6,16.5625,0.031143348720889787
HB_PAN,6,1,7,17.475,0.032859170952304846
HB_PAN,6,1,8,17.4125,0.03274164888165998
HB_PAN,6,1,9,18.67,0.03510619294303471
HB_PAN,6,1,10,17.31,0.03254891268580239
HB_PAN,6,1,11,18.9725,0.03567499976495586
HB_PAN,6,1,12,21.7325,0.040864774404633195
HB_PAN,6,1,13,26.0225,0.04893148933369688
HB_PAN,6,1,14,32.57,0.06124310145445316
HB_PAN,6,1,15,38.567499999999995,0.0725205193535346
HB_PAN,6,1,16,43.755,0.08227485121705858
HB_PAN,6,1,17,42.177499999999995,0.07930859415398211
HB_PAN,6,1,18,31.4925,0.059217020956535645
HB_PAN,6,1,19,26.7125,0.05022893299361621
HB_PAN,6,1,20,21.985,0.04133956357003846
HB_PAN,6,1,21,18.060000000000002,0.03395917753354081
HB_PAN,6,1,22,15.8225,0.029751887404454558
HB_PAN,6,1,23,15.942499999999999,0.0299775297800927
HB_PAN,6,1,24,14.24,0.026776228575726525
HB_PAN,6,2,1,12.84,0.02296014162330347
HB_PAN,6,2,2,12.3375,0.022061584678933533
HB_PAN,6,2,3,12.275,0.021949823864957172
HB_PAN,6,2,4,11.9475,0.021364197199721043
HB_PAN,6,2,5,12.834999999999999,0.02295120075818536
HB_PAN,6,2,6,14.56,0.02603579922393291
HB_PAN,6,2,7,16.802500000000002,0.03004577722940472
HB_PAN,6,2,8,17.0875,0.030555406541136917
HB_PAN,6,2,9,19.055,0.034073636965112744
HB_PAN,6,2,10,18.3525,0.03281744541601845
HB_PAN,6,2,11,21.9125,0.03918334138011194
HB_PAN,6,2,12,25.3575,0.04534359744648892
HB_PAN,6,2,13,25.6375,0.045844285893103014
HB_PAN,6,2,14,34.9925,0.06257264452908463
HB_PAN,6,2,15,39.3,0.07027519982833538
HB_PAN,6,2,16,50.144999999999996,0.08966793626951343
HB_PAN,6,2,17,49.8025,0.08905548700892299
HB_PAN,6,2,18,35.8375,0.06408365073404503
HB_PAN,6,2,19,27.81,0.0497290917869213
HB_PAN,6,2,20,24.677500000000002,0.044127639790426124
HB_PAN,6,2,21,22.15,0.0396080324732221
HB_PAN,6,2,22,19.6325,0.03510630688625432
HB_PAN,6,2,23,17.775,0.031784775494876884
HB_PAN,6,2,24,16.1075,0.02880299697798759
HB_PAN,6,3,1,12.08,0.025875410327673088
HB_PAN,6,3,2,10.795,0.023122934974108528
HB_PAN,6,3,3,10.67,0.022855184453333764
HB_PAN,6,3,4,10.8825,0.02331036033865086
HB_PAN,6,3,5,12.215,0.026164580890109833
HB_PAN,6,3,6,13.995000000000001,0.02997734830594246
HB_PAN,6,3,7,16.0575,0.03439523189872605
HB_PAN,6,3,8,16.895,0.036189160387916953
HB_PAN,6,3,9,17.805,0.03813838417915723
HB_PAN,6,3,10,17.7625,0.03804734900209381
HB_PAN,6,3,11,18.677500000000002,0.04000728281416508
HB_PAN,6,3,12,20.705,0.04435019626113173
HB_PAN,6,3,13,22.174999999999997,0.04749894238544294
HB_PAN,6,3,14,28.84,0.061775400153153304
HB_PAN,6,3,15,40.4725,0.08669226361645273
HB_PAN,6,3,16,50.905,0.10903872208031445
HB_PAN,6,3,17,46.625,0.09987094424898657
HB_PAN,6,3,18,29.665,0.06354255359026674
HB_PAN,6,3,19,19.98,0.042797243240638105
HB_PAN,6,3,20,13.895,0.029763147889322647
HB_PAN,6,3,21,10.35,0.02216974312015037
HB_PAN,6,3,22,9.7975,0.020986285818325918
HB_PAN,6,3,23,8.629999999999999,0.01848549595428963
HB_PAN,6,3,24,6.9775,0.014945834069647267
HB_PAN,6,4,1,5.154999999999999,0.014823441453876235
HB_PAN,6,4,2,4.654999999999999,0.013385668276972624
HB_PAN,6,4,3,4.3525,0.01251581550494594
HB_PAN,6,4,4,3.1075,0.008935760294455947
HB_PAN,6,4,5,2.5725,0.007397342995169082
HB_PAN,6,4,6,2.91,0.00836783988957902
HB_PAN,6,4,7,4.2375,0.012185127674258108
HB_PAN,6,4,8,5.8775,0.016901023694501957
HB_PAN,6,4,9,8.875,0.025520473890039107
HB_PAN,6,4,10,10.2025,0.0293377616747182
HB_PAN,6,4,11,14.747499999999999,0.04240711985277203
HB_PAN,6,4,12,18.067500000000003,0.051953933747412015
HB_PAN,6,4,13,22.470000000000002,0.06461352657004832
HB_PAN,6,4,14,28.8475,0.08295232344145388
HB_PAN,6,4,15,35.38,0.10173682999769958
HB_PAN,6,4,16,46.3575,0.13330314009661837
HB_PAN,6,4,17,46.480000000000004,0.13365539452495975
HB_PAN,6,4,18,28.4225,0.08173021624108581
HB_PAN,6,4,19,19.47,0.05598688750862664
HB_PAN,6,4,20,14.4575,0.04157321141016793
HB_PAN,6,4,21,9.469999999999999,0.027231423970554402
HB_PAN,6,4,22,5.1175,0.014715608465608465
HB_PAN,6,4,23,4.0025,0.011509374281113413
HB_PAN,6,4,24,2.525,0.007260754543363239
HB_PAN,6,5,1,5.1579999999999995,0.010184176025525597
HB_PAN,6,5,2,4.614,0.009110079135667914
HB_PAN,6,5,3,5.128,0.010124942741158445
HB_PAN,6,5,4,5.601999999999999,0.01106082863415944
HB_PAN,6,5,5,6.640000000000001,0.013110300273262886
HB_PAN,6,5,6,5.93,0.011708445876573631
HB_PAN,6,5,7,10.290000000000001,0.020317016537932997
HB_PAN,6,5,8,13.652000000000001,0.026955093272678452
HB_PAN,6,5,9,16.896,0.03336018575557978
HB_PAN,6,5,10,18.468,0.03646400985641852
HB_PAN,6,5,11,21.368000000000002,0.04218989401190985
HB_PAN,6,5,12,24.246000000000002,0.04787234042553192
HB_PAN,6,5,13,29.516000000000002,0.058277654046028214
HB_PAN,6,5,14,34.814,0.06873825206526718
HB_PAN,6,5,15,42.432,0.08377955740889921
HB_PAN,6,5,16,51.75,0.1021774155333365
HB_PAN,6,5,17,55.822,0.11021734666477122
HB_PAN,6,5,18,42.58,0.08407177494511049
HB_PAN,6,5,19,28.372000000000003,0.056018891468827506
HB_PAN,6,5,20,21.913999999999998,0.043267939787392
HB_PAN,6,5,21,18.068,0.03567423273152317
HB_PAN,6,5,22,16.944,0.03345495901056722
HB_PAN,6,5,23,14.193999999999999,0.028025241276911656
HB_PAN,6,5,24,12.074000000000002,0.02383942251496628
HB_PAN,6,6,1,12.386,0.024678321093130475
HB_PAN,6,6,2,12.36,0.024626517738664033
HB_PAN,6,6,3,12.018,0.023945104383759252
HB_PAN,6,6,4,12.144,0.024196151409250487
HB_PAN,6,6,5,12.646,0.025196354637794932
HB_PAN,6,6,6,13.526,0.026949698942813082
HB_PAN,6,6,7,14.496,0.028882362551753547
HB_PAN,6,6,8,14.985999999999999,0.029858656539775014
HB_PAN,6,6,9,15.784,0.03144862103455284
HB_PAN,6,6,10,16.212,0.03230138394653894
HB_PAN,6,6,11,17.238,0.03434562401125328
HB_PAN,6,6,12,19.916,0.03968136952129716
HB_PAN,6,6,13,23.596,0.04701353661500943
HB_PAN,6,6,14,30.397999999999996,0.06056609111811563
HB_PAN,6,6,15,38.465999999999994,0.07664107049639568
HB_PAN,6,6,16,45.092,0.08984295613849827
HB_PAN,6,6,17,47.232,0.09410677069842877
HB_PAN,6,6,18,32.904,0.06555913751399688
HB_PAN,6,6,19,24.196,0.04820899864115817
HB_PAN,6,6,20,20.616,0.04107607521847069
HB_PAN,6,6,21,19.812,0.03947415610343138
HB_PAN,6,6,22,16.842000000000002,0.03355661907399512
HB_PAN,6,6,23,15.134,0.030153537172891706
HB_PAN,6,6,24,13.898000000000001,0.027690885399025304
HB_PAN,7,0,1,15.458000000000002,0.021122507262655334
HB_PAN,7,0,2,14.714000000000002,0.020105872160868843
HB_PAN,7,0,3,14.713999999999999,0.02010587216086884
HB_PAN,7,0,4,14.512,0.01982985026495369
HB_PAN,7,0,5,14.784,0.020201523312918645
HB_PAN,7,0,6,15.65,0.021384864708277652
HB_PAN,7,0,7,17.024,0.023262360178512378
HB_PAN,7,0,8,17.69,0.024172412568014803
HB_PAN,7,0,9,18.7,0.025552522047590547
HB_PAN,7,0,10,19.854,0.027129399611383033
HB_PAN,7,0,11,23.45,0.032043135936684404
HB_PAN,7,0,12,28.396000000000004,0.03880157305151771
HB_PAN,7,0,13,36.016000000000005,0.04921388417465354
HB_PAN,7,0,14,48.482,0.06624798790969438
HB_PAN,7,0,15,67.93199999999999,0.0928253437292471
HB_PAN,7,0,16,84.88199999999999,0.11598658697559254
HB_PAN,7,0,17,89.248,0.12195248597344177
HB_PAN,7,0,18,53.36,0.07291350676253645
HB_PAN,7,0,19,36.408,0.049749530626132445
HB_PAN,7,0,20,29.145999999999997,0.03982640682347989
HB_PAN,7,0,21,23.406,0.031983012355395954
HB_PAN,7,0,22,18.742,0.02560991273882043
HB_PAN,7,0,23,15.376,0.02101045877025413
HB_PAN,7,0,24,13.882,0.018968989896505452
HB_PAN,7,1,1,12.888,0.01705596654447282
HB_PAN,7,1,2,13.34,0.017654142900625964
HB_PAN,7,1,3,12.936000000000002,0.017119489697338643
HB_PAN,7,1,4,13.092000000000002,0.017325939944152564
HB_PAN,7,1,5,13.687999999999999,0.018114685758903164
HB_PAN,7,1,6,14.91,0.019731879358945513
HB_PAN,7,1,7,16.828,0.02227015867554226
HB_PAN,7,1,8,17.25,0.022828633061154267
HB_PAN,7,1,9,18.468,0.024440533065124462
HB_PAN,7,1,10,19.086000000000002,0.025258393658271906
HB_PAN,7,1,11,21.676,0.028685997114990133
HB_PAN,7,1,12,25.881999999999998,0.03425221338485766
HB_PAN,7,1,13,33.106,0.04381244789116366
HB_PAN,7,1,14,49.176,0.06507947011103317
HB_PAN,7,1,15,73.102,0.09674311501660865
HB_PAN,7,1,16,91.75,0.12142185990497993
HB_PAN,7,1,17,107.48400000000001,0.1422442200547887
HB_PAN,7,1,18,64.952,0.08595741301959953
HB_PAN,7,1,19,36.64,0.048489340020909696
HB_PAN,7,1,20,25.856,0.03421780501038868
HB_PAN,7,1,21,22.172,0.02934240302793695
HB_PAN,7,1,22,19.23,0.025448963116869363
HB_PAN,7,1,23,17.169999999999998,0.02272276113971123
HB_PAN,7,1,24,14.947999999999999,0.019782168521630953
HB_PAN,7,2,1,11.838000000000001,0.015981013939850477
HB_PAN,7,2,2,11.108,0.01499553157998472
HB_PAN,7,2,3,10.676,0.014412342019077859
HB_PAN,7,2,4,11.234,0.015165628535249219
HB_PAN,7,2,5,11.876000000000001,0.016032313021596915
HB_PAN,7,2,6,13.15,0.017752182235937976
HB_PAN,7,2,7,15.570000000000002,0.02101912375768474
HB_PAN,7,2,8,16.52,0.022301600801345654
HB_PAN,7,2,9,17.718,0.023918871852193845
HB_PAN,7,2,10,18.166,0.024523661026467625
HB_PAN,7,2,11,21.122,0.02851418959600623
HB_PAN,7,2,12,26.286,0.0354854648101799
HB_PAN,7,2,13,33.62,0.04538618758724219
HB_PAN,7,2,14,53.66600000000001,0.07244780318432302
HB_PAN,7,2,15,76.74,0.10359714561109355
HB_PAN,7,2,16,105.05999999999999,0.14182846127054324
HB_PAN,7,2,17,106.53400000000002,0.14381832565197086
HB_PAN,7,2,18,62.068000000000005,0.08379030015362725
HB_PAN,7,2,19,32.712,0.04416040952866944
HB_PAN,7,2,20,24.630000000000003,0.033249904826703605
HB_PAN,7,2,21,19.538,0.026375827872681078
HB_PAN,7,2,22,16.125999999999998,0.021769710322185228
HB_PAN,7,2,23,12.794,0.01727159083852399
HB_PAN,7,2,24,12.002,0.016202409976861416
HB_PAN,7,3,1,12.1,0.020896115222215506
HB_PAN,7,3,2,11.9325,0.02060685081727988
HB_PAN,7,3,3,12.1975,0.021064493010163114
HB_PAN,7,3,4,12.27,0.021189697006329278
HB_PAN,7,3,5,12.795,0.022096346633739456
HB_PAN,7,3,6,13.565,0.023426099420607714
HB_PAN,7,3,7,15.11,0.02609423975270052
HB_PAN,7,3,8,15.620000000000001,0.02697498510504184
HB_PAN,7,3,9,16.355,0.028244294583416086
HB_PAN,7,3,10,18.0025,0.031089447461812785
HB_PAN,7,3,11,20.8225,0.03595945117475888
HB_PAN,7,3,12,23.8175,0.04113167143017503
HB_PAN,7,3,13,29.2825,0.05056946231359716
HB_PAN,7,3,14,37.25,0.06432894975434113
HB_PAN,7,3,15,46.485,0.08027734843840395
HB_PAN,7,3,16,55.99,0.0966920240737063
HB_PAN,7,3,17,62.455,0.1078567666283859
HB_PAN,7,3,18,41.9975,0.07252765281363602
HB_PAN,7,3,19,29.650000000000002,0.051204117052784284
HB_PAN,7,3,20,24.81,0.042845670963898075
HB_PAN,7,3,21,21.375,0.036913591973128636
HB_PAN,7,3,22,17.5525,0.030312319209746915
HB_PAN,7,3,23,14.9175,0.025761801555983458
HB_PAN,7,3,24,12.7025,0.02193660360414814
HB_PAN,7,4,1,11.030000000000001,0.01859281235250489
HB_PAN,7,4,2,10.65,0.017952262153597194
HB_PAN,7,4,3,11.7,0.01972220349268424
HB_PAN,7,4,4,12.2875,0.0207125278133639
HB_PAN,7,4,5,12.7425,0.021479502393634952
HB_PAN,7,4,6,14.2325,0.023991133436720383
HB_PAN,7,4,7,15.1875,0.025600937226080506
HB_PAN,7,4,8,15.6,0.02629627132357899
HB_PAN,7,4,9,16.895,0.02847919897511968
HB_PAN,7,4,10,17.9525,0.030261782752343067
HB_PAN,7,4,11,20.66,0.03482570291956038
HB_PAN,7,4,12,24.69,0.04161890634481829
HB_PAN,7,4,13,29.9425,0.05047282718629897
HB_PAN,7,4,14,36.07,0.06080169914368552
HB_PAN,7,4,15,47.2025,0.07956729148405367
HB_PAN,7,4,16,60.155,0.10140078214550603
HB_PAN,7,4,17,64.6125,0.1089146045445351
HB_PAN,7,4,18,41.4825,0.06992532533207471
HB_PAN,7,4,19,29.21,0.04923808239498348
HB_PAN,7,4,20,25.520000000000003,0.04301800283190615
HB_PAN,7,4,21,21.855,0.03684006472928326
HB_PAN,7,4,22,19.465,0.0328113411098375
HB_PAN,7,4,23,17.5625,0.02960437596925359
HB_PAN,7,4,24,16.535,0.02787236194457555
HB_PAN,7,5,1,14.515,0.022420797355535305
HB_PAN,7,5,2,13.35,0.020621263844050726
HB_PAN,7,5,3,14.0275,0.021667773675836822
HB_PAN,7,5,4,13.41,0.02071394368155208
HB_PAN,7,5,5,13.005,0.020088354778417958
HB_PAN,7,5,6,13.66,0.021100109671141044
HB_PAN,7,5,7,14.9825,0.023142927756066668
HB_PAN,7,5,8,15.9625,0.024656698435255413
HB_PAN,7,5,9,17.41,0.026892599514975517
HB_PAN,7,5,10,18.165,0.02805882080353419
HB_PAN,7,5,11,21.564999999999998,0.03331067826194411
HB_PAN,7,5,12,25.3,0.039079998146403255
HB_PAN,7,5,13,30.395,0.04695006101422636
HB_PAN,7,5,14,37.545,0.05799440831647076
HB_PAN,7,5,15,49.135,0.07589706359381516
HB_PAN,7,5,16,66.6625,0.1029711611238975
HB_PAN,7,5,17,83.4525,0.1289060689846924
HB_PAN,7,5,18,47.057500000000005,0.07268802422033088
HB_PAN,7,5,19,31.427500000000002,0.04854492655122879
HB_PAN,7,5,20,26.23,0.040516535627674204
HB_PAN,7,5,21,23.0675,0.03563153585937379
HB_PAN,7,5,22,21.630000000000003,0.03341108141923725
HB_PAN,7,5,23,18.3375,0.028325275336350576
HB_PAN,7,5,24,17.0975,0.026409892027989313
HB_PAN,7,6,1,16.255,0.024096385542168672
HB_PAN,7,6,2,14.435,0.021398420504534287
HB_PAN,7,6,3,15.09,0.0223693914384082
HB_PAN,7,6,4,14.445,0.021413244488257554
HB_PAN,7,6,5,14.235,0.021101940830068968
HB_PAN,7,6,6,14.3125,0.02121682670392428
HB_PAN,7,6,7,15.65,0.023199534526911092
HB_PAN,7,6,8,16.325,0.024200153428231536
HB_PAN,7,6,9,17.8,0.026386691027413253
HB_PAN,7,6,10,19.5675,0.029006830150500495
HB_PAN,7,6,11,22.7075,0.03366156103960598
HB_PAN,7,6,12,25.072499999999998,0.037167433190158354
HB_PAN,7,6,13,31.275,0.04636200909451401
HB_PAN,7,6,14,39.0225,0.057846890484114254
HB_PAN,7,6,15,51.545,0.07641022410157394
HB_PAN,7,6,16,64.9125,0.09622618434364959
HB_PAN,7,6,17,67.005,0.09932810293774297
HB_PAN,7,6,18,55.3775,0.08209151586351558
HB_PAN,7,6,19,37.425,0.055478759084322524
HB_PAN,7,6,20,30.747500000000002,0.04558004395311174
HB_PAN,7,6,21,27.0,0.040024756052817856
HB_PAN,7,6,22,24.85,0.03683759955231569
HB_PAN,7,6,23,20.565,0.030485522526896267
HB_PAN,7,6,24,18.9625,0.028109979135242907
HB_PAN,8,0,1,10.9425,0.002386974546572998
HB_PAN,8,0,2,9.934999999999999,0.0021672005593057096
HB_PAN,8,0,3,9.485,0.0020690384806255316
HB_PAN,8,0,4,11.4775,0.002503678351226098
HB_PAN,8,0,5,12.8625,0.0028057994156084243
HB_PAN,8,0,6,12.2925,0.0026814607826135322
HB_PAN,8,0,7,14.2775,0.0031144646185694287
HB_PAN,8,0,8,15.16,0.003306971361758889
HB_PAN,8,0,9,16.8425,0.0036739884670464445
HB_PAN,8,0,10,18.61,0.004059547298306921
HB_PAN,8,0,11,22.322499999999998,0.004869384447418391
HB_PAN,8,0,12,28.2125,0.00615421698836561
HB_PAN,8,0,13,40.3225,0.008795867594625514
HB_PAN,8,0,14,167.2125,0.03647539240290952
HB_PAN,8,0,15,659.8525,0.14393887338291605
HB_PAN,8,0,16,1487.935,0.3245750945355351
HB_PAN,8,0,17,1296.9,0.28290311075627333
HB_PAN,8,0,18,578.7675,0.12625115749451107
HB_PAN,8,0,19,71.52000000000001,0.015601226371569642
HB_PAN,8,0,20,31.872500000000002,0.0069526018949643935
HB_PAN,8,0,21,24.9575,0.005444177952578989
HB_PAN,8,0,22,17.0175,0.0037121626087554017
HB_PAN,8,0,23,13.7675,0.0030032142627318937
HB_PAN,8,0,24,11.709999999999999,0.0025543954252108566
HB_PAN,8,1,1,7.385,0.0015476826674211228
HB_PAN,8,1,2,6.5125,0.0013648318715748222
HB_PAN,8,1,3,6.035,0.0012647616652520619
HB_PAN,8,1,4,6.9925,0.0014654260056793772
HB_PAN,8,1,5,8.485,0.001778210891410728
HB_PAN,8,1,6,11.0675,0.002319428290004506
HB_PAN,8,1,7,14.305,0.002997914767428458
HB_PAN,8,1,8,16.1825,0.003391384531556171
HB_PAN,8,1,9,18.252499999999998,0.0038251967348820635
HB_PAN,8,1,10,19.6075,0.004109165592614715
HB_PAN,8,1,11,24.245,0.005081051627843619
HB_PAN,8,1,12,31.6525,0.006633449645300892
HB_PAN,8,1,13,66.11250000000001,0.013855270189557074
HB_PAN,8,1,14,348.7325,0.07308425806586821
HB_PAN,8,1,15,793.1825,0.16622813911330464
HB_PAN,8,1,16,1339.005,0.2806167677847286
HB_PAN,8,1,17,1296.5974999999999,0.2717293808221475
HB_PAN,8,1,18,545.96,0.11441744469942265
HB_PAN,8,1,19,83.3075,0.01745884547274004
HB_PAN,8,1,20,37.9525,0.007953747655423176
HB_PAN,8,1,21,28.55,0.005983255268093846
HB_PAN,8,1,22,24.3125,0.005095197677952071
HB_PAN,8,1,23,19.795,0.0041484601762493065
HB_PAN,8,1,24,17.42,0.003650728783544477
HB_PAN,8,2,1,15.5125,0.0033122817056889576
HB_PAN,8,2,2,14.335,0.0030608579049831563
HB_PAN,8,2,3,13.5275,0.0028884377613993474
HB_PAN,8,2,4,13.3475,0.002850003549826486
HB_PAN,8,2,5,13.5075,0.002884167293446807
HB_PAN,8,2,6,14.36,0.003066195989923831
HB_PAN,8,2,7,16.43,0.0035081894230117373
HB_PAN,8,2,8,17.27,0.003687549077018424
HB_PAN,8,2,9,18.552500000000002,0.003961392834475061
HB_PAN,8,2,10,19.8425,0.004236838017413902
HB_PAN,8,2,11,24.247500000000002,0.005177408583960871
HB_PAN,8,2,12,32.405,0.0069192257001031866
HB_PAN,8,2,13,68.14750000000001,0.014551085739786512
HB_PAN,8,2,14,264.65000000000003,0.056508967181987606
HB_PAN,8,2,15,876.8,0.18721731503936037
HB_PAN,8,2,16,1427.44,0.304791838708696
HB_PAN,8,2,17,1191.8525,0.25448839527024325
HB_PAN,8,2,18,452.945,0.09671435533816503
HB_PAN,8,2,19,63.872499999999995,0.013638273214931051
HB_PAN,8,2,20,37.43,0.0079921807731789
HB_PAN,8,2,21,29.1675,0.006227943700285748
HB_PAN,8,2,22,22.965,0.004903564826504233
HB_PAN,8,2,23,18.96,0.004048403619008067
HB_PAN,8,2,24,15.76,0.003365128746601642
HB_PAN,8,3,1,12.22,0.006042385703972549
HB_PAN,8,3,2,11.081999999999999,0.005479682354453664
HB_PAN,8,3,3,11.774000000000001,0.005821853459785007
HB_PAN,8,3,4,12.026,0.0059464591224201195
HB_PAN,8,3,5,12.218,0.006041396770142111
HB_PAN,8,3,6,12.828,0.006343021588425519
HB_PAN,8,3,7,13.894,0.0068701233200486565
HB_PAN,8,3,8,14.580000000000002,0.007209327623888688
HB_PAN,8,3,9,16.296,0.00805783285040398
HB_PAN,8,3,10,17.802,0.008802500024723348
HB_PAN,8,3,11,22.464000000000002,0.01110770478347294
HB_PAN,8,3,12,29.022000000000002,0.014350418813477194
HB_PAN,8,3,13,45.134,0.022317269751480934
HB_PAN,8,3,14,114.65799999999999,0.05669458756514602
HB_PAN,8,3,15,268.37199999999996,0.1327010749710737
HB_PAN,8,3,16,549.9159999999999,0.27191526814940814
HB_PAN,8,3,17,556.954,0.2753953262987174
HB_PAN,8,3,18,157.456,0.07785678260267606
HB_PAN,8,3,19,42.332,0.020931773455038126
HB_PAN,8,3,20,29.768,0.014719291132230345
HB_PAN,8,3,21,24.728,0.012227177879528083
HB_PAN,8,3,22,18.592,0.009193128887746121
HB_PAN,8,3,23,14.940000000000001,0.007387335713367421
HB_PAN,8,3,24,13.324000000000002,0.006588277178373997
HB_PAN,8,4,1,7.087999999999999,0.002123736409794835
HB_PAN,8,4,2,5.858,0.0017551986298784063
HB_PAN,8,4,3,6.180000000000001,0.0018516776259215693
HB_PAN,8,4,4,7.664,0.002296319955511797
HB_PAN,8,4,5,8.258,0.002474296737032414
HB_PAN,8,4,6,8.266,0.0024766937307229273
HB_PAN,8,4,7,11.447999999999999,0.0034300979711246148
HB_PAN,8,4,8,13.459999999999999,0.004032941884288725
HB_PAN,8,4,9,16.278,0.004877282911772055
HB_PAN,8,4,10,18.136000000000003,0.005433984696393783
HB_PAN,8,4,11,22.272,0.006673230434389188
HB_PAN,8,4,12,27.57,0.00826063950593166
HB_PAN,8,4,13,44.524,0.013340468384552094
HB_PAN,8,4,14,222.888,0.06678264121139267
HB_PAN,8,4,15,613.192,0.1837271693841584
HB_PAN,8,4,16,861.6,0.2581562204682887
HB_PAN,8,4,17,881.2299999999999,0.2640378437363858
HB_PAN,8,4,18,396.494,0.11879920204080044
HB_PAN,8,4,19,58.088,0.017404571186817493
HB_PAN,8,4,20,31.157999999999998,0.009335691176126901
HB_PAN,8,4,21,25.246,0.007564312838837529
HB_PAN,8,4,22,19.964,0.005981697754676085
HB_PAN,8,4,23,16.316,0.004888668631801993
HB_PAN,8,4,24,14.335999999999999,0.0042954126933999375
HB_PAN,8,5,1,13.778,0.012661578019691705
HB_PAN,8,5,2,12.09,0.011110355512997003
HB_PAN,8,5,3,11.854,0.010893478432677127
HB_PAN,8,5,4,12.488,0.011476105843366962
HB_PAN,8,5,5,12.510000000000002,0.011496323198312036
HB_PAN,8,5,6,13.02,0.011964998244766002
HB_PAN,8,5,7,13.496,0.01240242828812304
HB_PAN,8,5,8,14.52,0.01334345426374826
HB_PAN,8,5,9,16.868000000000002,0.015501197418795158
HB_PAN,8,5,10,18.452,0.01695684697484042
HB_PAN,8,5,11,21.178,0.019461961046670848
HB_PAN,8,5,12,26.380000000000003,0.02424244652050132
HB_PAN,8,5,13,36.742000000000004,0.033764820699630764
HB_PAN,8,5,14,65.452,0.06014846890295118
HB_PAN,8,5,15,98.692,0.09069505428359802
HB_PAN,8,5,16,203.028,0.18657677908128664
HB_PAN,8,5,17,267.532,0.24585406378024102
HB_PAN,8,5,18,99.18599999999999,0.09114902579918285
HB_PAN,8,5,19,37.462,0.034426479588742245
HB_PAN,8,5,20,28.268,0.02597746316306032
HB_PAN,8,5,21,22.272,0.02046731496984857
HB_PAN,8,5,22,16.234,0.014918570008105323
HB_PAN,8,5,23,14.280000000000001,0.013122901300711101
HB_PAN,8,5,24,12.392,0.011387884658152096
HB_PAN,8,6,1,9.3675,0.0081517127951651
HB_PAN,8,6,2,8.475,0.007375048405553694
HB_PAN,8,6,3,7.695,0.006696282888582381
HB_PAN,8,6,4,8.8675,0.007716606694542464
HB_PAN,8,6,5,9.4225,0.008199574466233591
HB_PAN,8,6,6,10.225,0.008897919757732922
HB_PAN,8,6,7,11.98,0.010425142170918378
HB_PAN,8,6,8,12.4275,0.010814562130975638
HB_PAN,8,6,9,14.75,0.012835629968367786
HB_PAN,8,6,10,16.3525,0.014230145020863337
HB_PAN,8,6,11,19.4975,0.016966962393779723
HB_PAN,8,6,12,23.735,0.02065448659655657
HB_PAN,8,6,13,32.4,0.028194875320346865
HB_PAN,8,6,14,64.5475,0.0561700220598793
HB_PAN,8,6,15,105.56750000000001,0.09186612655496043
HB_PAN,8,6,16,207.7475,0.1807844092782025
HB_PAN,8,6,17,302.375,0.2631304143515396
HB_PAN,8,6,18,126.3475,0.10994913609683721
HB_PAN,8,6,19,45.239999999999995,0.03936839998433617
HB_PAN,8,6,20,32.965,0.02868654521405045
HB_PAN,8,6,21,27.375,0.023822059009089368
HB_PAN,8,6,22,20.805,0.018104764846907918
HB_PAN,8,6,23,16.5625,0.014412889583124845
HB_PAN,8,6,24,14.4175,0.012546284411453733
HB_PAN,9,0,1,7.668000000000001,0.01306908823168487
HB_PAN,9,0,2,7.88,0.013430414093072086
HB_PAN,9,0,3,6.9799999999999995,0.011896483549447102
HB_PAN,9,0,4,7.08,0.012066920276516544
HB_PAN,9,0,5,6.889999999999999,0.011743090495084601
HB_PAN,9,0,6,7.688,0.013103175577098756
HB_PAN,9,0,7,10.324000000000002,0.01759588770264927
HB_PAN,9,0,8,10.41,0.017742463287928986
HB_PAN,9,0,9,11.437999999999999,0.019494552842202858
HB_PAN,9,0,10,12.53,0.021355721901801173
HB_PAN,9,0,11,16.04,0.02733805102193861
HB_PAN,9,0,12,19.773999999999997,0.0337021584107116
HB_PAN,9,0,13,27.362000000000002,0.04663489726074092
HB_PAN,9,0,14,52.7,0.08982015516559631
HB_PAN,9,0,15,67.106,0.11437327006722023
HB_PAN,9,0,16,90.12,0.15359757843498179
HB_PAN,9,0,17,88.824,0.15138871845216179
HB_PAN,9,0,18,46.45,0.07916785972375615
HB_PAN,9,0,19,26.815999999999995,0.045704312730941755
HB_PAN,9,0,20,22.458,0.03827668016525544
HB_PAN,9,0,21,16.490000000000002,0.028105016293751107
HB_PAN,9,0,22,10.364,0.017664062393477044
HB_PAN,9,0,23,7.596000000000001,0.012946373788194871
HB_PAN,9,0,24,5.74,0.009783068133786012
HB_PAN,9,1,1,7.415,0.006729789643021643
HB_PAN,9,1,2,10.6625,0.009677192457008533
HB_PAN,9,1,3,11.035,0.010015270223970847
HB_PAN,9,1,4,11.879999999999999,0.010782184889965895
HB_PAN,9,1,5,12.525,0.011367581291820106
HB_PAN,9,1,6,11.7225,0.010639239256954985
HB_PAN,9,1,7,17.2725,0.015676371086863296
HB_PAN,9,1,8,17.27,0.015674102108561534
HB_PAN,9,1,9,18.95,0.01719885552734459
HB_PAN,9,1,10,20.805,0.018882437427250882
HB_PAN,9,1,11,22.5625,0.020477529173388513
HB_PAN,9,1,12,26.0425,0.023635946969439128
HB_PAN,9,1,13,33.815,0.030690200509612523
HB_PAN,9,1,14,82.6175,0.07498292593827925
HB_PAN,9,1,15,133.2375,0.12092519859232587
HB_PAN,9,1,16,205.51749999999998,0.18652589925282542
HB_PAN,9,1,17,240.2525,0.2180510837774858
HB_PAN,9,1,18,105.58000000000001,0.09582349163994945
HB_PAN,9,1,19,34.075,0.030926174252995618
HB_PAN,9,1,20,28.2325,0.02562357196178133
HB_PAN,9,1,21,19.7375,0.01791358369239915
HB_PAN,9,1,22,13.7125,0.012445345985156344
HB_PAN,9,1,23,9.657499999999999,0.00876506317970081
HB_PAN,9,1,24,7.24,0.006570961161898408
HB_PAN,9,2,1,6.045,0.00462147130215401
HB_PAN,9,2,2,7.4025,0.0056592955027617966
HB_PAN,9,2,3,8.735,0.0066780069188280035
HB_PAN,9,2,4,10.325,0.007893580015672481
HB_PAN,9,2,5,11.1,0.008486076336461458
HB_PAN,9,2,6,11.1425,0.008518568070182144
HB_PAN,9,2,7,14.2275,0.010877085682613098
HB_PAN,9,2,8,14.825,0.011333881233156857
HB_PAN,9,2,9,16.5075,0.012620171632805183
HB_PAN,9,2,10,16.745,0.012801743085950192
HB_PAN,9,2,11,19.5075,0.014913705777794765
HB_PAN,9,2,12,22.995,0.017579939221345157
HB_PAN,9,2,13,30.017500000000002,0.022948720399074942
HB_PAN,9,2,14,65.77,0.050281913571988295
HB_PAN,9,2,15,135.2425,0.10339443053458458
HB_PAN,9,2,16,285.3275,0.2181361212515051
HB_PAN,9,2,17,426.1,0.3257582997266872
HB_PAN,9,2,18,103.9925,0.07950344985760975
HB_PAN,9,2,19,35.5025,0.02714206532749756
HB_PAN,9,2,20,29.295,0.022396360925823283
HB_PAN,9,2,21,18.845,0.014407216987442899
HB_PAN,9,2,22,8.3625,0.006393226429158464
HB_PAN,9,2,23,6.2524999999999995,0.004780107413849123
HB_PAN,9,2,24,3.7600000000000002,0.0028745627950536113
HB_PAN,9,3,1,5.165000000000001,0.000999512338607301
HB_PAN,9,3,2,5.4325,0.0010512779824751524
HB_PAN,9,3,3,7.300000000000001,0.001412669907421742
HB_PAN,9,3,4,8.365,0.0016187649007647768
HB_PAN,9,3,5,11.3875,0.00220366829736508
HB_PAN,9,3,6,13.405,0.002594087686162801
HB_PAN,9,3,7,16.935,0.0032772006687927665
HB_PAN,9,3,8,18.2725,0.0035360288881320246
HB_PAN,9,3,9,19.6325,0.0037992112270489515
HB_PAN,9,3,10,21.65,0.004189630615846672
HB_PAN,9,3,11,24.9325,0.004824848283122271
HB_PAN,9,3,12,30.7725,0.0059549842090596645
HB_PAN,9,3,13,46.18,0.008936588537635074
HB_PAN,9,3,14,210.25,0.040686828498002904
HB_PAN,9,3,15,795.3325,0.1539099026225346
HB_PAN,9,3,16,1395.2175,0.26999750363810876
HB_PAN,9,3,17,1619.2525,0.3133519560640307
HB_PAN,9,3,18,682.2225,0.13202125971452455
HB_PAN,9,3,19,134.6575,0.026058438090225094
HB_PAN,9,3,20,35.9225,0.006951593801281852
HB_PAN,9,3,21,24.9425,0.004826783447379013
HB_PAN,9,3,22,17.5475,0.0033957294795182212
HB_PAN,9,3,23,12.4625,0.0024116984549648573
HB_PAN,9,3,24,10.2825,0.001989832646995077
HB_PAN,9,4,1,6.955,0.001816194817251109
HB_PAN,9,4,2,6.715,0.0017535223864617105
HB_PAN,9,4,3,6.04,0.0015772561748665273
HB_PAN,9,4,4,6.33,0.0016529853620703837
HB_PAN,9,4,5,7.26,0.0018958410313793027
HB_PAN,9,4,6,9.3575,0.0024435719629658163
HB_PAN,9,4,7,13.334999999999999,0.0034822369357359506
HB_PAN,9,4,8,14.319999999999999,0.003739455037100773
HB_PAN,9,4,9,17.7425,0.004633190013670424
HB_PAN,9,4,10,19.54,0.005102580406770189
HB_PAN,9,4,11,23.205,0.006059640651949961
HB_PAN,9,4,12,26.5525,0.006933790493897925
HB_PAN,9,4,13,32.665,0.008529978965565416
HB_PAN,9,4,14,138.38,0.03613587905265398
HB_PAN,9,4,15,548.0125,0.14310531449156338
HB_PAN,9,4,16,1059.3174999999999,0.2766250112614524
HB_PAN,9,4,17,1184.64,0.3093511183764707
HB_PAN,9,4,18,528.2975,0.13795703543734258
HB_PAN,9,4,19,97.905,0.025566434735150224
HB_PAN,9,4,20,27.224999999999998,0.007109403867672385
HB_PAN,9,4,21,19.7175,0.005148931892041516
HB_PAN,9,4,22,15.64,0.004084153406442465
HB_PAN,9,4,23,11.755,0.0030696434330390776
HB_PAN,9,4,24,8.5275,0.002226829806485813
HB_PAN,9,5,1,2.5550000000000006,0.0064620968302846
HB_PAN,9,5,2,2.660000000000001,0.006727662453446982
HB_PAN,9,5,3,1.835,0.004641075414313987
HB_PAN,9,5,4,2.090000000000001,0.005286020499136916
HB_PAN,9,5,5,4.485,0.011343445903650265
HB_PAN,9,5,6,5.0425,0.012753472902821954
HB_PAN,9,5,7,9.3475,0.023641663452479564
HB_PAN,9,5,8,9.825,0.02484935473876563
HB_PAN,9,5,9,12.775,0.03231048415142299
HB_PAN,9,5,10,14.2125,0.03594620399233654
HB_PAN,9,5,11,16.3225,0.041282808419694866
HB_PAN,9,5,12,20.314999999999998,0.051380625090893
HB_PAN,9,5,13,23.8,0.06019487458347298
HB_PAN,9,5,14,28.457500000000003,0.07197460686803288
HB_PAN,9,5,15,36.589999999999996,0.09254329668106201
HB_PAN,9,5,16,55.225,0.13967487180135693
HB_PAN,9,5,17,54.292500000000004,0.1373163961480339
HB_PAN,9,5,18,34.574999999999996,0.08744696591275537
HB_PAN,9,5,19,21.385,0.05408686525073822
HB_PAN,9,5,20,15.46,0.03910137651514673
HB_PAN,9,5,21,11.8275,0.029914070551933892
HB_PAN,9,5,22,7.515000000000001,0.019006911029193253
HB_PAN,9,5,23,3.8775000000000004,0.009806959083925062
HB_PAN,9,5,24,0.9125000000000001,0.0023078917251016426
HB_PAN,9,6,1,3.345999999999999,0.007236127871419239
HB_PAN,9,6,2,3.9560000000000004,0.008555326317792744
HB_PAN,9,6,3,4.104,0.00887539413756861
HB_PAN,9,6,4,5.0760000000000005,0.010977461170150648
HB_PAN,9,6,5,4.484,0.009697189891047182
HB_PAN,9,6,6,5.886,0.012729183697302346
HB_PAN,9,6,7,7.779999999999999,0.01682518674227187
HB_PAN,9,6,8,8.656,0.01871964221608038
HB_PAN,9,6,9,10.146,0.02194194661787795
HB_PAN,9,6,10,11.746,0.025402139264103528
HB_PAN,9,6,11,13.4,0.02897911341213922
HB_PAN,9,6,12,16.762,0.03624984321002071
HB_PAN,9,6,13,21.7,0.046928862764434406
HB_PAN,9,6,14,27.486,0.059441784421347656
HB_PAN,9,6,15,38.816,0.08394427359743253
HB_PAN,9,6,16,60.004,0.12976587471507475
HB_PAN,9,6,17,70.144,0.15169484561052937
HB_PAN,9,6,18,43.396,0.09384907504725325
HB_PAN,9,6,19,27.656,0.05980942989000912
HB_PAN,9,6,20,21.594,0.04669962500162196
HB_PAN,9,6,21,19.035999999999998,0.04116764200846881
HB_PAN,9,6,22,15.244,0.032966985436914197
HB_PAN,9,6,23,12.028,0.026011998218000786
HB_PAN,9,6,24,9.956,0.02153104874113866
HB_PAN,10,0,1,3.8024999999999998,0.008667852013950624
HB_PAN,10,0,2,4.9425,0.011266497982630101
HB_PAN,10,0,3,6.095000000000001,0.01389363787640475
HB_PAN,10,0,4,9.0925,0.020726481114226442
HB_PAN,10,0,5,11.24,0.025621737445576602
HB_PAN,10,0,6,12.325,0.028095010143837328
HB_PAN,10,0,7,15.3775,0.035053226652077774
HB_PAN,10,0,8,17.625,0.04017643438418929
HB_PAN,10,0,9,17.4625,0.03980601335795208
HB_PAN,10,0,10,18.2025,0.041492853723586125
HB_PAN,10,0,11,19.8775,0.04531103968633887
HB_PAN,10,0,12,20.5975,0.04695228977182064
HB_PAN,10,0,13,23.0075,0.05244591853016936
HB_PAN,10,0,14,27.455,0.06258405707903074
HB_PAN,10,0,15,32.605,0.07432355421824065
HB_PAN,10,0,16,40.4725,0.09225763067314047
HB_PAN,10,0,17,41.96,0.09564840775946568
HB_PAN,10,0,18,29.29,0.06676696528300165
HB_PAN,10,0,19,24.9575,0.056890970845015834
HB_PAN,10,0,20,19.615000000000002,0.04471266725934031
HB_PAN,10,0,21,16.48,0.03756639084547174
HB_PAN,10,0,22,10.5025,0.023940595864961587
HB_PAN,10,0,23,8.629999999999999,0.019672205885705164
HB_PAN,10,0,24,7.075,0.016127561603866053
HB_PAN,10,1,1,3.928,0.017423704755145493
HB_PAN,10,1,2,3.246000000000001,0.014398509581263312
HB_PAN,10,1,3,2.382,0.010566004258339248
HB_PAN,10,1,4,2.052,0.009102200141944641
HB_PAN,10,1,5,2.5859999999999994,0.011470901348474092
HB_PAN,10,1,6,6.081999999999999,0.026978353442157554
HB_PAN,10,1,7,8.65,0.038369410929737405
HB_PAN,10,1,8,8.716,0.03866217175301632
HB_PAN,10,1,9,10.398,0.04612313697657913
HB_PAN,10,1,10,8.64,0.0383250532292406
HB_PAN,10,1,11,9.272,0.04112845990063875
HB_PAN,10,1,12,8.202000000000002,0.03638218594748049
HB_PAN,10,1,13,9.642,0.04276969481902058
HB_PAN,10,1,14,11.802,0.05235095812633073
HB_PAN,10,1,15,14.132,0.06268630234208658
HB_PAN,10,1,16,26.258,0.11647444996451384
HB_PAN,10,1,17,27.330000000000002,0.12122959545777148
HB_PAN,10,1,18,17.672,0.078388928317956
HB_PAN,10,1,19,14.431999999999999,0.06401703335699077
HB_PAN,10,1,20,13.282,0.05891589779985806
HB_PAN,10,1,21,7.766,0.03444819020581973
HB_PAN,10,1,22,4.359999999999999,0.01933995741660752
HB_PAN,10,1,23,2.568,0.011391057487579844
HB_PAN,10,1,24,2.0420000000000007,0.009057842441447838
HB_PAN,10,2,1,0.20400000000000026,0.00037842670950556
HB_PAN,10,2,2,-1.278,-0.0023707320330789462
HB_PAN,10,2,3,-2.696,-0.0050011686707205315
HB_PAN,10,2,4,-2.562,-0.0047525942634962905
HB_PAN,10,2,5,-1.4640000000000004,-0.00271576815056931
HB_PAN,10,2,6,-0.1980000000000004,-0.0003672965121671614
HB_PAN,10,2,7,3.2079999999999997,0.005950945510263895
HB_PAN,10,2,8,3.11,0.005769152287070049
HB_PAN,10,2,9,4.0280000000000005,0.007472072479845068
HB_PAN,10,2,10,5.837999999999999,0.01082968201026204
HB_PAN,10,2,11,5.540000000000001,0.010276882209121568
HB_PAN,10,2,12,6.514,0.012083684243721641
HB_PAN,10,2,13,11.092,0.02057602481291993
HB_PAN,10,2,14,23.704,0.043971699618234224
HB_PAN,10,2,15,43.448,0.08059746899312524
HB_PAN,10,2,16,116.09400000000001,0.21535818830067857
HB_PAN,10,2,17,176.772,0.32791787398390565
HB_PAN,10,2,18,76.916,0.1426817097467138
HB_PAN,10,2,19,22.572,0.04187180238705632
HB_PAN,10,2,20,17.578,0.03260776813572904
HB_PAN,10,2,21,11.754,0.021804056585923264
HB_PAN,10,2,22,8.440000000000001,0.01565647758934766
HB_PAN,10,2,23,6.022,0.011171008061972939
HB_PAN,10,2,24,4.438,0.008232635964635651
HB_PAN,10,3,1,4.976,0.008087664036875587
HB_PAN,10,3,2,4.502,0.007317255525324334
HB_PAN,10,3,3,3.722,0.006049494683531136
HB_PAN,10,3,4,2.594,0.004216117466168664
HB_PAN,10,3,5,3.845999999999999,0.006251036150688003
HB_PAN,10,3,6,7.340000000000001,0.011929954588156514
HB_PAN,10,3,7,19.238,0.03126818342874046
HB_PAN,10,3,8,19.236,0.031264932759915355
HB_PAN,10,3,9,11.328,0.01841178822542738
HB_PAN,10,3,10,13.276,0.021577939661085267
HB_PAN,10,3,11,16.4,0.026655484365908283
HB_PAN,10,3,12,16.612000000000002,0.02700005526137003
HB_PAN,10,3,13,20.908,0.03398249189770795
HB_PAN,10,3,14,33.886,0.05507608190385172
HB_PAN,10,3,15,55.75599999999999,0.09062214550643793
HB_PAN,10,3,16,129.262,0.21009397683573394
HB_PAN,10,3,17,154.56,0.25121168680456
HB_PAN,10,3,18,58.379999999999995,0.09488702300498326
HB_PAN,10,3,19,21.784000000000002,0.03540628484310647
HB_PAN,10,3,20,19.058,0.03097562323448049
HB_PAN,10,3,21,5.9719999999999995,0.009706497111780748
HB_PAN,10,3,22,-0.548,-0.00089068325808035
HB_PAN,10,3,23,-2.5759999999999996,-0.004186861446742666
HB_PAN,10,3,24,-4.254,-0.0069141725910105995
HB_PAN,10,4,1,-0.6350000000000002,-0.0020516134243366594
HB_PAN,10,4,2,-1.645,-0.005314809579580792
HB_PAN,10,4,3,-2.01,-0.006494083437664068
HB_PAN,10,4,4,-2.2775,-0.007358345785711401
HB_PAN,10,4,5,-1.06,-0.003424740519365131
HB_PAN,10,4,6,0.6149999999999997,0.001986995678688259
HB_PAN,10,4,7,5.0125,0.016194822503129924
HB_PAN,10,4,8,6.4975,0.020992690117523524
HB_PAN,10,4,9,9.1875,0.02968377690723315
HB_PAN,10,4,10,9.925,0.032066556278017855
HB_PAN,10,4,11,11.0975,0.03585477161665523
HB_PAN,10,4,12,12.35,0.039901457937886194
HB_PAN,10,4,13,14.4075,0.046549008521465214
HB_PAN,10,4,14,17.9625,0.05803481281046807
HB_PAN,10,4,15,22.745,0.07348653123864142
HB_PAN,10,4,16,41.8725,0.13528532773312874
HB_PAN,10,4,17,40.5175,0.1309074754654497
HB_PAN,10,4,18,24.3275,0.07859941036307096
HB_PAN,10,4,19,22.215,0.07177416097895885
HB_PAN,10,4,20,22.384999999999998,0.07232341181697023
HB_PAN,10,4,21,17.64,0.05699285166188765
HB_PAN,10,4,22,14.84,0.04794636727111183
HB_PAN,10,4,23,12.8875,0.04163805985218691
HB_PAN,10,4,24,10.655,0.0344251039941844
HB_PAN,10,5,1,10.2975,0.01524889122531634
HB_PAN,10,5,2,8.71,0.01289806677081868
HB_PAN,10,5,3,8.5175,0.012613006167674867
HB_PAN,10,5,4,7.6899999999999995,0.011387615782731989
HB_PAN,10,5,5,8.022499999999999,0.011879993188162208
HB_PAN,10,5,6,8.760000000000002,0.012972108485920968
HB_PAN,10,5,7,9.635,0.014267838500211016
HB_PAN,10,5,8,11.7125,0.01734427176271111
HB_PAN,10,5,9,14.129999999999999,0.020924188687906763
HB_PAN,10,5,10,16.8825,0.025000185104287753
HB_PAN,10,5,11,19.377499999999998,0.02869486668789195
HB_PAN,10,5,12,21.357499999999998,0.031626918605942585
HB_PAN,10,5,13,21.862499999999997,0.0323747399284757
HB_PAN,10,5,14,27.185000000000002,0.04025648050111433
HB_PAN,10,5,15,44.472500000000004,0.06585640349773061
HB_PAN,10,5,16,112.10249999999999,0.1660052273450862
HB_PAN,10,5,17,137.87,0.20416262522305065
HB_PAN,10,5,18,87.685,0.12984695577488356
HB_PAN,10,5,19,33.2375,0.04921923011424636
HB_PAN,10,5,20,25.634999999999998,0.037961187332943375
HB_PAN,10,5,21,16.73,0.024774357873225773
HB_PAN,10,5,22,10.42,0.015430293427316949
HB_PAN,10,5,23,6.58,0.009743889707461182
HB_PAN,10,5,24,6.4225,0.009510658304888973
HB_PAN,10,6,1,3.2300000000000004,0.009696642199906937
HB_PAN,10,6,2,3.1624999999999996,0.00949400339232374
HB_PAN,10,6,3,2.9224999999999994,0.008773509854250159
HB_PAN,10,6,4,2.19,0.00657450353492142
HB_PAN,10,6,5,3.1674999999999995,0.00950901367436694
HB_PAN,10,6,6,3.4924999999999997,0.010484682007174914
HB_PAN,10,6,7,6.5875,0.019776046591915463
HB_PAN,10,6,8,8.8125,0.02645562210113928
HB_PAN,10,6,9,11.530000000000001,0.03461371039161826
HB_PAN,10,6,10,12.995,0.03901172303027573
HB_PAN,10,6,11,14.620000000000001,0.043890064694315604
HB_PAN,10,6,12,17.795,0.05342159379174735
HB_PAN,10,6,13,20.197499999999998,0.06063403431350474
HB_PAN,10,6,14,25.04,0.07517149247234355
HB_PAN,10,6,15,37.355,0.11214181714474414
HB_PAN,10,6,16,42.265,0.12688191411116614
HB_PAN,10,6,17,37.12,0.11143633388871375
HB_PAN,10,6,18,21.775,0.06536977829813422
HB_PAN,10,6,19,17.427500000000002,0.05231833806157218
HB_PAN,10,6,20,16.33,0.04902358115308986
HB_PAN,10,6,21,9.4275,0.02830188679245283
HB_PAN,10,6,22,5.945,0.017847225349364313
HB_PAN,10,6,23,5.0325,0.015107848876480387
HB_PAN,10,6,24,4.6850000000000005,0.014064634274478018
HB_PAN,11,0,1,3.8449999999999998,0.01669869602510233
HB_PAN,11,0,2,-2.8674999999999997,-0.012453448856171894
HB_PAN,11,0,3,-6.3125,-0.027414959339000903
HB_PAN,11,0,4,-6.4799999999999995,-0.028142405784827854
HB_PAN,11,0,5,-5.1575,-0.022398836085686675
HB_PAN,11,0,6,-0.36999999999999966,-0.0016068966266028237
HB_PAN,11,0,7,1.6325000000000003,0.007089888494403007
HB_PAN,11,0,8,8.295,0.03602488518289307
HB_PAN,11,0,9,9.145000000000001,0.039716404460223884
HB_PAN,11,0,10,10.684999999999999,0.04640456879797617
HB_PAN,11,0,11,12.217500000000001,0.05306016090681086
HB_PAN,11,0,12,11.4175,0.049585789822264206
HB_PAN,11,0,13,12.0125,0.05216985331639577
HB_PAN,11,0,14,13.5,0.0586300120517247
HB_PAN,11,0,15,14.532499999999999,0.06311412223271771
HB_PAN,11,0,16,14.149999999999999,0.06145293855791885
HB_PAN,11,0,17,17.7175,0.07694646211306908
HB_PAN,11,0,18,27.215,0.11819376133242131
HB_PAN,11,0,19,19.735,0.08570839169191015
HB_PAN,11,0,20,18.017500000000002,0.07824935126977407
HB_PAN,11,0,21,16.395,0.07120289241392788
HB_PAN,11,0,22,16.015,0.06955256614876823
HB_PAN,11,0,23,12.995,0.05643681530460463
HB_PAN,11,0,24,11.9225,0.051778986569384275
HB_PAN,11,1,1,9.3625,0.025835604153013003
HB_PAN,11,1,2,9.32,0.02571832637715153
HB_PAN,11,1,3,11.145,0.030754372046497183
HB_PAN,11,1,4,11.5325,0.03182366941464592
HB_PAN,11,1,5,11.4025,0.03146493739436376
HB_PAN,11,1,6,17.55,0.048428822738091126
HB_PAN,11,1,7,69.435,0.19160429098685797
HB_PAN,11,1,8,56.635000000000005,0.15628298437446103
HB_PAN,11,1,9,33.5425,0.0925597599254941
HB_PAN,11,1,10,23.792499999999997,0.06565485840433236
HB_PAN,11,1,11,20.7725,0.05732123762546997
HB_PAN,11,1,12,14.254999999999999,0.039336345762478006
HB_PAN,11,1,13,12.245000000000001,0.03378979683350005
HB_PAN,11,1,14,11.75,0.03242385567934876
HB_PAN,11,1,15,8.2825,0.02285536890759201
HB_PAN,11,1,16,5.620000000000001,0.015508261184505536
HB_PAN,11,1,17,8.4375,0.023283087854851503
HB_PAN,11,1,18,22.595,0.062350384602117885
HB_PAN,11,1,19,20.415,0.05633472456969403
HB_PAN,11,1,20,7.7075,0.021268669587113237
HB_PAN,11,1,21,-1.3399999999999999,-0.003697699285985305
HB_PAN,11,1,22,-7.1175,-0.019640578110448066
HB_PAN,11,1,23,-6.3725,-0.017584767686523402
HB_PAN,11,1,24,-8.58,-0.02367631333862233
HB_PAN,11,2,1,-2.9225000000000003,-0.015136408954953325
HB_PAN,11,2,2,-4.660000000000001,-0.024135386049643284
HB_PAN,11,2,3,-4.512499999999999,-0.023371444109230748
HB_PAN,11,2,4,-4.155000000000001,-0.021519856016366492
HB_PAN,11,2,5,-2.4124999999999996,-0.01249498258471339
HB_PAN,11,2,6,0.26750000000000007,0.0013854540275278066
HB_PAN,11,2,7,19.82,0.10265307972187335
HB_PAN,11,2,8,14.3675,0.07441312426357292
HB_PAN,11,2,9,8.9475,0.04634149499553288
HB_PAN,11,2,10,9.5975,0.04970801880074064
HB_PAN,11,2,11,10.227500000000001,0.05297095725809585
HB_PAN,11,2,12,8.2,0.04246999261954396
HB_PAN,11,2,13,9.7725,0.05061439059445042
HB_PAN,11,2,14,9.0775,0.04701479975657444
HB_PAN,11,2,15,10.094999999999999,0.05228470432857272
HB_PAN,11,2,16,9.955,0.051559606893604906
HB_PAN,11,2,17,11.557500000000001,0.05985938289029018
HB_PAN,11,2,18,23.087500000000002,0.1195763359272831
HB_PAN,11,2,19,21.93,0.11358133392031698
HB_PAN,11,2,20,13.337499999999999,0.06907847884916678
HB_PAN,11,2,21,12.004999999999999,0.06217710504849089
HB_PAN,11,2,22,8.84,0.04578472375082545
HB_PAN,11,2,23,6.942500000000001,0.035957063873315126
HB_PAN,11,2,24,3.7125,0.0192280301951289
HB_PAN,11,3,1,-1.83,-0.005296288257000218
HB_PAN,11,3,2,-1.8575,-0.0053758772881846465
HB_PAN,11,3,3,1.5899999999999999,0.004601693075754287
HB_PAN,11,3,4,2.7875,0.008067433615512626
HB_PAN,11,3,5,4.805,0.013906374357861226
HB_PAN,11,3,6,7.4350000000000005,0.021517979885681212
HB_PAN,11,3,7,12.020000000000001,0.034787641994067
HB_PAN,11,3,8,9.607499999999998,0.027805513349251135
HB_PAN,11,3,9,11.024999999999999,0.031907966138484914
HB_PAN,11,3,10,13.335,0.038593444757977
HB_PAN,11,3,11,11.9425,0.03456334563345634
HB_PAN,11,3,12,11.9875,0.03469358222993995
HB_PAN,11,3,13,10.7375,0.031075898994284066
HB_PAN,11,3,14,12.66,0.036639895810722814
HB_PAN,11,3,15,15.135000000000002,0.04380290861732147
HB_PAN,11,3,16,17.655,0.05109615802040374
HB_PAN,11,3,17,19.4475,0.05628391578033428
HB_PAN,11,3,18,39.949999999999996,0.11562115621156212
HB_PAN,11,3,19,34.06,0.0985746328051516
HB_PAN,11,3,20,27.4525,0.07945155922147458
HB_PAN,11,3,21,22.8825,0.06622530931191666
HB_PAN,11,3,22,22.5275,0.06519788727299038
HB_PAN,11,3,23,21.16,0.061240141813182845
HB_PAN,11,3,24,19.009999999999998,0.05501772664785471
HB_PAN,11,4,1,11.95,0.0380920201202369
HB_PAN,11,4,2,10.64,0.03391624218236993
HB_PAN,11,4,3,9.66,0.030792377770835856
HB_PAN,11,4,4,9.36,0.029836092746896855
HB_PAN,11,4,5,11.394,0.03631970520920329
HB_PAN,11,4,6,16.034,0.05111024691279318
HB_PAN,11,4,7,38.29,0.12205384522208125
HB_PAN,11,4,8,32.994,0.10517222693281142
HB_PAN,11,4,9,22.35,0.07124323428345564
HB_PAN,11,4,10,21.669999999999998,0.06907565489586055
HB_PAN,11,4,11,18.5,0.05897090980957177
HB_PAN,11,4,12,14.418000000000001,0.04595905825050843
HB_PAN,11,4,13,11.726,0.03737799396902912
HB_PAN,11,4,14,9.276,0.029568332940193932
HB_PAN,11,4,15,6.414,0.020445373811815857
HB_PAN,11,4,16,6.279999999999999,0.020018233167789768
HB_PAN,11,4,17,8.407999999999998,0.02680148160426375
HB_PAN,11,4,18,18.128,0.05778511637988741
HB_PAN,11,4,19,16.548,0.052748681920475333
HB_PAN,11,4,20,9.144000000000002,0.02914756752966078
HB_PAN,11,4,21,4.814,0.015345187017474515
HB_PAN,11,4,22,4.592,0.014637536099759653
HB_PAN,11,4,23,0.7479999999999999,0.0023843373263545773
HB_PAN,11,4,24,0.3759999999999998,0.001198543896670215
HB_PAN,11,5,1,0.5580000000000003,0.0019409370760722121
HB_PAN,11,5,2,-1.3400000000000003,-0.004661031688058716
HB_PAN,11,5,3,-0.5700000000000004,-0.0019826776583533354
HB_PAN,11,5,4,2.0899999999999994,0.007269818080628889
HB_PAN,11,5,5,3.688,0.012828272287731748
HB_PAN,11,5,6,6.172,0.02146857281992417
HB_PAN,11,5,7,14.294,0.049719990260530804
HB_PAN,11,5,8,19.398000000000003,0.06747365125743505
HB_PAN,11,5,9,26.214,0.0911823019931128
HB_PAN,11,5,10,32.17,0.11189954433197677
HB_PAN,11,5,11,23.168,0.08058715085742112
HB_PAN,11,5,12,20.113999999999997,0.06996417266687535
HB_PAN,11,5,13,17.23,0.05993251939197885
HB_PAN,11,5,14,15.675999999999998,0.054527113986573436
HB_PAN,11,5,15,14.038,0.04882952450520018
HB_PAN,11,5,16,15.514,0.05396361612577828
HB_PAN,11,5,17,16.344,0.05685067306688928
HB_PAN,11,5,18,22.964000000000002,0.07987756095864204
HB_PAN,11,5,19,17.966,0.062492608438554385
HB_PAN,11,5,20,15.184000000000001,0.05281575011304741
HB_PAN,11,5,21,5.140000000000001,0.01787888274374761
HB_PAN,11,5,22,1.8400000000000005,0.0064002226164388346
HB_PAN,11,5,23,0.24799999999999933,0.0008626387004765359
HB_PAN,11,5,24,-0.6100000000000001,-0.0021218129326237437
HB_PAN,11,6,1,-3.4400000000000004,-0.015905307934159427
HB_PAN,11,6,2,-6.407500000000001,-0.02962594784538562
HB_PAN,11,6,3,-11.5775,-0.05353014610689848
HB_PAN,11,6,4,-11.64,-0.05381912335860922
HB_PAN,11,6,5,-11.265,-0.05208525984834475
HB_PAN,11,6,6,-9.93,-0.04591270575180322
HB_PAN,11,6,7,-7.062499999999999,-0.032654429443314224
HB_PAN,11,6,8,-2.5600000000000005,-0.011836508230072132
HB_PAN,11,6,9,4.522499999999999,0.02091039393378953
HB_PAN,11,6,10,11.05,0.051091178102459785
HB_PAN,11,6,11,15.692499999999999,0.07255640835953395
HB_PAN,11,6,12,16.155,0.07469484002219347
HB_PAN,11,6,13,17.95,0.08299426669132606
HB_PAN,11,6,14,17.9875,0.08316765304235252
HB_PAN,11,6,15,18.355,0.0848668392824117
HB_PAN,11,6,16,18.415,0.08514425744405402
HB_PAN,11,6,17,20.497500000000002,0.09477297947105606
HB_PAN,11,6,18,34.692499999999995,0.16040549287960051
HB_PAN,11,6,19,26.5375,0.12269974107638248
HB_PAN,11,6,20,22.9325,0.1060315331977067
HB_PAN,11,6,21,19.145,0.08851951174403552
HB_PAN,11,6,22,16.54,0.07647493989273164
HB_PAN,11,6,23,11.1875,0.05172692805622342
HB_PAN,11,6,24,8.5025,0.0393124653227298
HB_PAN,12,0,1,0.9540000000000006,0.005141859261814422
HB_PAN,12,0,2,0.6119999999999998,0.003298551224560192
HB_PAN,12,0,3,1.19,0.006413849603311486
HB_PAN,12,0,4,4.198,0.02262633666781649
HB_PAN,12,0,5,7.306,0.03937780269058296
HB_PAN,12,0,6,10.09,0.05438297688858227
HB_PAN,12,0,7,21.804,0.11751897205933079
HB_PAN,12,0,8,18.548,0.09996981717833735
HB_PAN,12,0,9,13.574000000000002,0.07316100379441187
HB_PAN,12,0,10,10.9,0.05874870645050018
HB_PAN,12,0,11,9.314,0.05020050017247327
HB_PAN,12,0,12,8.61,0.046406088306312515
HB_PAN,12,0,13,8.032,0.043290789927561225
HB_PAN,12,0,14,7.388,0.03981976543635737
HB_PAN,12,0,15,5.746,0.03096973094170404
HB_PAN,12,0,16,5.090000000000001,0.0274340289755088
HB_PAN,12,0,17,6.12,0.03298551224560193
HB_PAN,12,0,18,13.282,0.07158718523628838
HB_PAN,12,0,19,10.836,0.05840375991721283
HB_PAN,12,0,20,7.0840000000000005,0.0381812694032425
HB_PAN,12,0,21,5.108,0.02753104518799586
HB_PAN,12,0,22,3.750000000000001,0.02021171093480511
HB_PAN,12,0,23,3.4099999999999993,0.018379182476716105
HB_PAN,12,0,24,2.5900000000000003,0.01395955501897206
HB_PAN,12,1,1,6.024,0.014751617437469694
HB_PAN,12,1,2,5.1259999999999994,0.012552588144832278
HB_PAN,12,1,3,5.936,0.014536122362021928
HB_PAN,12,1,4,6.688,0.016377625734030097
HB_PAN,12,1,5,9.696000000000002,0.02374363922206278
HB_PAN,12,1,6,13.442000000000002,0.03291687277464602
HB_PAN,12,1,7,29.754,0.07286182357809981
HB_PAN,12,1,8,24.148000000000003,0.059133807749007006
HB_PAN,12,1,9,20.228,0.049534481660879315
HB_PAN,12,1,10,19.824,0.04854516335996003
HB_PAN,12,1,11,20.008,0.04899574397225989
HB_PAN,12,1,12,18.488,0.04527355630543487
HB_PAN,12,1,13,17.618000000000002,0.04314309362771266
HB_PAN,12,1,14,17.224,0.042178263403548806
HB_PAN,12,1,15,16.102,0.039430701191589805
HB_PAN,12,1,16,16.53,0.04047879087672212
HB_PAN,12,1,17,17.786,0.043554493317203846
HB_PAN,12,1,18,30.401999999999997,0.07444865095185152
HB_PAN,12,1,19,28.986,0.07098113928328295
HB_PAN,12,1,20,22.99,0.05629808846072846
HB_PAN,12,1,21,19.118000000000002,0.04681630514102683
HB_PAN,12,1,22,15.719999999999999,0.03849525665953246
HB_PAN,12,1,23,13.77,0.03372008169222405
HB_PAN,12,1,24,12.754,0.031232093093872586
HB_PAN,12,2,1,8.997499999999999,0.1045734542073454
HB_PAN,12,2,2,7.3725,0.08568688981868897
HB_PAN,12,2,3,7.164999999999999,0.08327522082752206
HB_PAN,12,2,4,6.694999999999999,0.07781264528126451
HB_PAN,12,2,5,8.2825,0.09626336587633659
HB_PAN,12,2,6,9.8575,0.11456880520688051
HB_PAN,12,2,7,30.1525,0.3504474662947466
HB_PAN,12,2,8,22.6825,0.26362738261273827
HB_PAN,12,2,9,9.6025,0.11160506741050673
HB_PAN,12,2,10,10.7975,0.1254939562993956
HB_PAN,12,2,11,9.82,0.11413296141329614
HB_PAN,12,2,12,5.2325,0.06081473733147373
HB_PAN,12,2,13,2.1625000000000005,0.02513365876336588
HB_PAN,12,2,14,-0.6424999999999996,-0.007467456996745695
HB_PAN,12,2,15,-4.165,-0.04840771734077173
HB_PAN,12,2,16,-3.0825000000000005,-0.03582635983263598
HB_PAN,12,2,17,-2.1075,-0.024494421199442118
HB_PAN,12,2,18,1.2524999999999995,0.014557182705718263
HB_PAN,12,2,19,1.3650000000000002,0.01586471408647141
HB_PAN,12,2,20,-1.1475000000000009,-0.013336820083682017
HB_PAN,12,2,21,-7.325000000000001,-0.0851348210134821
HB_PAN,12,2,22,-11.7975,-0.13711645746164572
HB_PAN,12,2,23,-11.9475,-0.13885983263598325
HB_PAN,12,2,24,-13.182500000000001,-0.15321362157136215
HB_PAN,12,3,1,-12.040000000000001,0.6670360110803326
HB_PAN,12,3,2,-12.34,0.6836565096952909
HB_PAN,12,3,3,-11.4125,0.6322714681440444
HB_PAN,12,3,4,-11.0325,0.6112188365650971
HB_PAN,12,3,5,-10.5175,0.5826869806094184
HB_PAN,12,3,6,-7.215,0.39972299168975073
HB_PAN,12,3,7,4.345,-0.24072022160664822
HB_PAN,12,3,8,0.9300000000000002,-0.05152354570637121
HB_PAN,12,3,9,1.1950000000000003,-0.06620498614958452
HB_PAN,12,3,10,7.7075,-0.4270083102493075
HB_PAN,12,3,11,8.305,-0.46011080332409976
HB_PAN,12,3,12,5.840000000000001,-0.32354570637119123
HB_PAN,12,3,13,5.3175,-0.29459833795013857
HB_PAN,12,3,14,3.4675000000000002,-0.19210526315789478
HB_PAN,12,3,15,2.0075000000000003,-0.11121883656509698
HB_PAN,12,3,16,0.19500000000000028,-0.010803324099723009
HB_PAN,12,3,17,0.7025000000000001,-0.03891966759002771
HB_PAN,12,3,18,5.920000000000001,-0.32797783933518015
HB_PAN,12,3,19,3.8049999999999997,-0.21080332409972302
HB_PAN,12,3,20,1.4425,-0.07991689750692521
HB_PAN,12,3,21,0.33000000000000007,-0.0182825484764543
HB_PAN,12,3,22,-1.1250000000000009,0.06232686980609424
HB_PAN,12,3,23,-1.4299999999999997,0.07922437673130193
HB_PAN,12,3,24,-2.4475,0.13559556786703603
HB_PAN,12,4,1,-2.460000000000001,-0.0074798750313561846
HB_PAN,12,4,2,-3.5250000000000004,-0.010718113612004287
HB_PAN,12,4,3,-1.9050000000000002,-0.005792342249891678
HB_PAN,12,4,4,1.6400000000000001,0.0049865833542374555
HB_PAN,12,4,5,8.4175,0.025594247185544986
HB_PAN,12,4,6,9.28,0.02821676434592901
HB_PAN,12,4,7,13.94,0.04238595851101837
HB_PAN,12,4,8,12.267499999999998,0.03730055566957803
HB_PAN,12,4,9,11.71,0.035605421389097926
HB_PAN,12,4,10,14.3325,0.04357939385646849
HB_PAN,12,4,11,14.4875,0.044050686795436056
HB_PAN,12,4,12,15.685,0.04769180482391127
HB_PAN,12,4,13,15.865,0.04823911275303489
HB_PAN,12,4,14,16.072499999999998,0.04887003717133017
HB_PAN,12,4,15,15.6375,0.04754737634261475
HB_PAN,12,4,16,16.215,0.04930332261521971
HB_PAN,12,4,17,19.3175,0.0587367828935866
HB_PAN,12,4,18,31.295,0.09515556467735437
HB_PAN,12,4,19,28.1875,0.08570690140095626
HB_PAN,12,4,20,22.655,0.06888478407942046
HB_PAN,12,4,21,18.855,0.05733050557569952
HB_PAN,12,4,22,18.625,0.056631167666263776
HB_PAN,12,4,23,16.725,0.05085402841440332
HB_PAN,12,4,24,15.5625,0.04731933137214658
HB_PAN,12,5,1,12.93,0.05582419480183058
HB_PAN,12,5,2,11.725,0.05062170796995078
HB_PAN,12,5,3,11.81,0.05098868836888006
HB_PAN,12,5,4,12.515,0.0540324669717641
HB_PAN,12,5,5,12.8875,0.05564070460236594
HB_PAN,12,5,6,14.78,0.06381141524911492
HB_PAN,12,5,7,16.335,0.07052499784129178
HB_PAN,12,5,8,18.62,0.08039029444780244
HB_PAN,12,5,9,19.907500000000002,0.08594896813746655
HB_PAN,12,5,10,19.9725,0.086229600207236
HB_PAN,12,5,11,17.0075,0.07342846040929107
HB_PAN,12,5,12,13.7425,0.059332095673948704
HB_PAN,12,5,13,8.6175,0.037205336326742076
HB_PAN,12,5,14,4.3575,0.018813142215698124
HB_PAN,12,5,15,3.11,0.013427165184353681
HB_PAN,12,5,16,1.6624999999999996,0.00717770486141093
HB_PAN,12,5,17,3.145,0.013578274760383386
HB_PAN,12,5,18,9.370000000000001,0.04045419221138071
HB_PAN,12,5,19,7.387499999999999,0.03189491408341248
HB_PAN,12,5,20,5.26,0.022709610569035487
HB_PAN,12,5,21,3.1025,0.013394784560918745
HB_PAN,12,5,22,1.8624999999999994,0.008041188153009237
HB_PAN,12,5,23,1.27,0.005483118901649253
HB_PAN,12,5,24,0.24250000000000016,0.0010469734910629486
HB_PAN,12,6,1,3.188,0.014806282917042089
HB_PAN,12,6,2,2.6679999999999993,0.012391205402342622
HB_PAN,12,6,3,3.632,0.016868387564208553
HB_PAN,12,6,4,4.568,0.021215527090667582
HB_PAN,12,6,5,6.218000000000001,0.02887875382000242
HB_PAN,12,6,6,7.756,0.036021810007709675
HB_PAN,12,6,7,10.424,0.048413015410052294
HB_PAN,12,6,8,11.544,0.053614720826328066
HB_PAN,12,6,9,14.184000000000001,0.0658758835932638
HB_PAN,12,6,10,14.232,0.0660988138253899
HB_PAN,12,6,11,13.178,0.06120363747828753
HB_PAN,12,6,12,11.952,0.05550962779939995
HB_PAN,12,6,13,10.098,0.04689894758352918
HB_PAN,12,6,14,9.726,0.04517123828455187
HB_PAN,12,6,15,8.802000000000001,0.04087983131612437
HB_PAN,12,6,16,8.758000000000001,0.0406754786033421
HB_PAN,12,6,17,9.97,0.04630446696452623
HB_PAN,12,6,18,16.48,0.07653937969662912
HB_PAN,12,6,19,12.001999999999999,0.055741846791197966
HB_PAN,12,6,20,10.644,0.04943477897396361
HB_PAN,12,6,21,8.117999999999999,0.03770307550832737
HB_PAN,12,6,22,9.044,0.042003771236426804
HB_PAN,12,6,23,3.7119999999999997,0.01723993795108539
HB_PAN,12,6,24,4.4159999999999995,0.020509581355601585
